"Method","Dataset_Size","Accuracy","Time_Taken"
"XGBoost (Direct)",100,0.8,0.211148977279663
"XGBoost (Direct)",1000,0.94,0.311622858047485
"XGBoost (Direct)",10000,0.9725,0.676262855529785
"XGBoost (Direct)",100000,0.9876,2.55334806442261
"XGBoost (Direct)",1000000,0.99214,19.9810099601746
"XGBoost (Direct)",10000000,0.993448,405.30521607399
